{
  "phase": "II - Model Training",
  "algorithm": "RandomForestRegressor",
  "rows_used": 1107,
  "train_size": 885,
  "test_size": 222,
  "features": [
    "humidity",
    "pressure",
    "wind_speed",
    "wind_deg",
    "clouds",
    "visibility",
    "pop",
    "hour_sin",
    "hour_cos",
    "month_sin",
    "month_cos"
  ],
  "target": "temperature",
  "config": {
    "n_estimators": 100,
    "max_depth": null,
    "min_samples_leaf": 1,
    "random_state": 42,
    "n_jobs": -1
  },
  "metrics": {
    "MAE": 1.0824971471471476,
    "RMSE": 1.6497743184309346,
    "R2_train": 0.9794905678272079,
    "R2_test": 0.8504609504824502
  },
  "feature_importance": {
    "humidity": 0.569561621261004,
    "pressure": 0.17520787344799535,
    "clouds": 0.07534133023786156,
    "hour_sin": 0.05332983117286533,
    "wind_speed": 0.04790870746650212,
    "wind_deg": 0.04189245501176457,
    "hour_cos": 0.02961619340431617,
    "pop": 0.005657793530614835,
    "visibility": 0.0014841944670761769,
    "month_sin": 0.0,
    "month_cos": 0.0
  }
}