{
  "phase": "II - Model Training",
  "algorithm": "RandomForestRegressor",
  "rows_used": 20736,
  "train_size": 16588,
  "test_size": 4148,
  "features": [
    "humidity",
    "pressure",
    "wind_speed",
    "wind_deg",
    "clouds",
    "pop",
    "hour_sin",
    "hour_cos",
    "month_sin",
    "month_cos"
  ],
  "target": "temperature",
  "config": {
    "n_estimators": 100,
    "max_depth": null,
    "min_samples_leaf": 1,
    "random_state": 42,
    "n_jobs": -1
  },
  "metrics": {
    "MAE": 1.054733847637416,
    "RMSE": 1.5385885413632432,
    "R2_train": 0.986690097646138,
    "R2_test": 0.8993370143791269
  },
  "feature_importance": {
    "humidity": 0.4703189587161552,
    "month_cos": 0.09439724674006846,
    "month_sin": 0.09318797399111771,
    "pressure": 0.06862153744680487,
    "hour_cos": 0.06492774101231628,
    "hour_sin": 0.06207868520078759,
    "clouds": 0.05175453323395965,
    "wind_deg": 0.04942587077852921,
    "wind_speed": 0.03997693975623078,
    "pop": 0.00531051312403041
  }
}