{
  "phase": "II - Model Training",
  "algorithm": "RandomForestRegressor",
  "rows_used": 20736,
  "train_size": 16588,
  "test_size": 4148,
  "features": [
    "relative_humidity_2m",
    "surface_pressure",
    "wind_speed_10m",
    "wind_direction_10m",
    "cloud_cover",
    "precipitation",
    "hour_sin",
    "hour_cos",
    "month_sin",
    "month_cos"
  ],
  "target": "temperature_2m",
  "config": {
    "n_estimators": 100,
    "max_depth": null,
    "min_samples_leaf": 1,
    "random_state": 42,
    "n_jobs": -1
  },
  "metrics": {
    "MAE": 1.0411559787849567,
    "RMSE": 1.4782447576108804,
    "R2_train": 0.9863106092563392,
    "R2_test": 0.9068625635924475
  },
  "feature_importance": {
    "relative_humidity_2m": 0.4681583791509601,
    "month_cos": 0.10061622549147747,
    "month_sin": 0.08665079525024162,
    "surface_pressure": 0.07088102616843855,
    "hour_cos": 0.06590506427969556,
    "hour_sin": 0.06278608208619586,
    "wind_direction_10m": 0.050158469362579026,
    "cloud_cover": 0.04922979175695804,
    "wind_speed_10m": 0.040644070005349024,
    "precipitation": 0.0049700964481048816
  }
}