{
  "algorithm": "RandomForestRegressor",
  "rows_used": 1107,
  "train_size": 885,
  "test_size": 222,
  "features": [
    "humidity",
    "pressure",
    "wind_speed",
    "wind_deg",
    "clouds",
    "visibility",
    "pop",
    "hour_sin",
    "hour_cos",
    "month_sin",
    "month_cos"
  ],
  "baseline": {
    "config": {
      "n_estimators": 100,
      "max_depth": null,
      "min_samples_leaf": 1
    },
    "metrics": {
      "MAE": 1.0285430180180188,
      "RMSE": 1.5186745736305207,
      "R2_train": 0.9827637904721953,
      "R2_test": 0.883062238475654,
      "R2_cv": 0.8676650510920618
    }
  },
  "retrained": {
    "config": {
      "n_estimators": 300,
      "max_depth": null,
      "min_samples_leaf": 2,
      "max_features": "sqrt"
    },
    "metrics": {
      "MAE": 1.1322697948632157,
      "RMSE": 1.5456361800804437,
      "R2_train": 0.9560961936794574,
      "R2_test": 0.878873300761266,
      "R2_cv": 0.8741573230516568
    }
  },
  "feature_importance": {
    "humidity": 0.342005817212745,
    "hour_sin": 0.15328631183795885,
    "pressure": 0.13227411773645387,
    "wind_speed": 0.11916514558473795,
    "clouds": 0.09464035475833543,
    "hour_cos": 0.08255799194389002,
    "wind_deg": 0.05282511364746557,
    "pop": 0.0178491611557117,
    "visibility": 0.00539598612270153,
    "month_sin": 0.0,
    "month_cos": 0.0
  }
}